{
  "0": {
    "0": {
      "avg_diag": 0.9673342108726501,
      "avg_operator": 0.13644883036613464,
      "avg_carry": 0.14423780143260956,
      "entropy": 0.06078837066888809
    },
    "1": {
      "avg_diag": 0.3617839813232422,
      "avg_operator": 0.10784317553043365,
      "avg_carry": 0.10557699203491211,
      "entropy": 0.4118942618370056
    },
    "2": {
      "avg_diag": 0.1336871236562729,
      "avg_operator": 0.1300782412290573,
      "avg_carry": 0.07868149131536484,
      "entropy": 0.2505205273628235
    },
    "3": {
      "avg_diag": 0.5417013168334961,
      "avg_operator": 0.19532330334186554,
      "avg_carry": 0.10858000814914703,
      "entropy": 0.2668575346469879
    }
  },
  "1": {
    "0": {
      "avg_diag": 0.4139767289161682,
      "avg_operator": 0.13865123689174652,
      "avg_carry": 0.2530602812767029,
      "entropy": 0.38931015133857727
    },
    "1": {
      "avg_diag": 0.09459380805492401,
      "avg_operator": 0.12193519622087479,
      "avg_carry": 0.17104804515838623,
      "entropy": 0.1921158730983734
    },
    "2": {
      "avg_diag": 0.5256509184837341,
      "avg_operator": 0.14323212206363678,
      "avg_carry": 0.1638018935918808,
      "entropy": 0.3568553328514099
    },
    "3": {
      "avg_diag": 0.7643664479255676,
      "avg_operator": 0.1307305246591568,
      "avg_carry": 0.20196124911308289,
      "entropy": 0.5646740198135376
    }
  },
  "2": {
    "0": {
      "avg_diag": 0.9730605483055115,
      "avg_operator": 0.1472167819738388,
      "avg_carry": 0.1447530835866928,
      "entropy": 0.05417438969016075
    },
    "1": {
      "avg_diag": 0.3389613926410675,
      "avg_operator": 0.07963629812002182,
      "avg_carry": 0.1357087641954422,
      "entropy": 0.4137318432331085
    },
    "2": {
      "avg_diag": 0.1220347061753273,
      "avg_operator": 0.13977591693401337,
      "avg_carry": 0.04443531483411789,
      "entropy": 0.24340078234672546
    },
    "3": {
      "avg_diag": 0.5280144810676575,
      "avg_operator": 0.14869681000709534,
      "avg_carry": 0.10103026777505875,
      "entropy": 0.26437267661094666
    }
  },
  "3": {
    "0": {
      "avg_diag": 0.42709192633628845,
      "avg_operator": 0.140910804271698,
      "avg_carry": 0.2419184297323227,
      "entropy": 0.36140701174736023
    },
    "1": {
      "avg_diag": 0.08963818848133087,
      "avg_operator": 0.12625347077846527,
      "avg_carry": 0.15062031149864197,
      "entropy": 0.20744265615940094
    },
    "2": {
      "avg_diag": 0.5531311631202698,
      "avg_operator": 0.15925565361976624,
      "avg_carry": 0.12505820393562317,
      "entropy": 0.35098811984062195
    },
    "3": {
      "avg_diag": 0.7666622400283813,
      "avg_operator": 0.13056275248527527,
      "avg_carry": 0.2092989832162857,
      "entropy": 0.5701043009757996
    }
  },
  "4": {
    "0": {
      "avg_diag": 0.9614872336387634,
      "avg_operator": 0.14127792418003082,
      "avg_carry": 0.14711062610149384,
      "entropy": 0.06569481641054153
    },
    "1": {
      "avg_diag": 0.35671117901802063,
      "avg_operator": 0.09606093913316727,
      "avg_carry": 0.19081975519657135,
      "entropy": 0.3977200388908386
    },
    "2": {
      "avg_diag": 0.14058233797550201,
      "avg_operator": 0.05724012106657028,
      "avg_carry": 0.050674550235271454,
      "entropy": 0.29192283749580383
    },
    "3": {
      "avg_diag": 0.49612927436828613,
      "avg_operator": 0.19567251205444336,
      "avg_carry": 0.10362102091312408,
      "entropy": 0.27110397815704346
    }
  },
  "5": {
    "0": {
      "avg_diag": 0.38395214080810547,
      "avg_operator": 0.1999199241399765,
      "avg_carry": 0.21135881543159485,
      "entropy": 0.4013717770576477
    },
    "1": {
      "avg_diag": 0.09068175405263901,
      "avg_operator": 0.11213590204715729,
      "avg_carry": 0.16243766248226166,
      "entropy": 0.20851387083530426
    },
    "2": {
      "avg_diag": 0.5439199209213257,
      "avg_operator": 0.12090252339839935,
      "avg_carry": 0.1555134356021881,
      "entropy": 0.36568817496299744
    },
    "3": {
      "avg_diag": 0.7669048309326172,
      "avg_operator": 0.13781368732452393,
      "avg_carry": 0.19729359447956085,
      "entropy": 0.5677520036697388
    }
  },
  "6": {
    "0": {
      "avg_diag": 0.967753529548645,
      "avg_operator": 0.1426352709531784,
      "avg_carry": 0.14852020144462585,
      "entropy": 0.06748650223016739
    },
    "1": {
      "avg_diag": 0.36662429571151733,
      "avg_operator": 0.1010366827249527,
      "avg_carry": 0.15530598163604736,
      "entropy": 0.3425185978412628
    },
    "2": {
      "avg_diag": 0.15084433555603027,
      "avg_operator": 0.12624111771583557,
      "avg_carry": 0.0523606613278389,
      "entropy": 0.2689841389656067
    },
    "3": {
      "avg_diag": 0.5101245641708374,
      "avg_operator": 0.17136631906032562,
      "avg_carry": 0.07745445519685745,
      "entropy": 0.22289744019508362
    }
  },
  "7": {
    "0": {
      "avg_diag": 0.43915149569511414,
      "avg_operator": 0.11084042489528656,
      "avg_carry": 0.2509016692638397,
      "entropy": 0.37400707602500916
    },
    "1": {
      "avg_diag": 0.09130395203828812,
      "avg_operator": 0.10605154931545258,
      "avg_carry": 0.16360342502593994,
      "entropy": 0.21245087683200836
    },
    "2": {
      "avg_diag": 0.5474125146865845,
      "avg_operator": 0.14002759754657745,
      "avg_carry": 0.1342494934797287,
      "entropy": 0.33767732977867126
    },
    "3": {
      "avg_diag": 0.7524695992469788,
      "avg_operator": 0.14982236921787262,
      "avg_carry": 0.19494220614433289,
      "entropy": 0.594269871711731
    }
  }
}